name,phone,email,date,country,password,working_speed,pan
Naomi Richardson,1-149-543-5956,natoque.penatibus.et@outlook.ca,"Nov 18, 2021",Mexico,TEU15CIN2RU,15.095383610399999,471 62237 74447 422
Erica Herrera,1-225-514-7172,proin.dolor.nulla@google.net,"Nov 10, 2016",Canada,TBX61QII7FC,14.0647308611,670682 577263 6657
Amal Hampton,(791) 966-2156,etiam.imperdiet@icloud.net,"Nov 16, 2018",Australia,ISY63RYZ9LO,12.22709586,450825 235327 6896
Gillian Bullock,1-267-317-3831,diam.proin@yahoo.net,"Nov 30, 2016",Pakistan,NJG46GVS3EH,18.7414947927,670684 7734861884
Alisa Roberts,(733) 586-6514,nec.cursus@protonmail.ca,"Apr 14, 2017",Indonesia,OLU54GFX6WK,11.2280214502,
Cole Berry,(247) 135-8861,vivamus.nibh.dolor@icloud.com,"Feb 17, 2017",Italy,UVK89DUN2PA,24.135207089,
Tamekah Talley,1-739-232-7661,turpis.vitae@hotmail.org,"Nov 26, 2021",India,JYT08LNU1HO,11.422292636199998,
Judith Duke,1-505-444-9251,nulla@outlook.net,"Feb 6, 2021",Australia,YUB74GTO5KS,7.1534906712,6334 9528 2179 2826
Lavinia Estrada,1-187-450-6545,suspendisse@protonmail.couk,"Jun 12, 2019",Chile,FJP75RBV8TW,-1.3148243838,
Madison Mcneil,(380) 634-7356,donec.consectetuer@icloud.org,"Jun 4, 2015",Sweden,HKI84KBL5TY,16.277817998499998,491 75953 17858 141
Castor Hogan,(833) 404-7962,sed@yahoo.couk,"Jun 8, 2014",Australia,SDU72QGP8PE,7.5401280208,
Dominique Duncan,(438) 743-1273,diam@icloud.net,"Aug 5, 2018",Netherlands,MIC47PGB8JK,32.4760432202,
Linda Cotton,1-204-472-2554,enim.gravida@yahoo.net,"Mar 3, 2016",Sweden,HWY45RJT1WJ,14.5459089685,
Rosalyn Washington,1-768-265-7067,at.velit@protonmail.ca,"Jun 25, 2018",United Kingdom,JSJ45XJQ2OP,16.6583840904,
Wayne Fletcher,(426) 971-8219,integer.eu@google.edu,"Sep 30, 2014",Russian Federation,WZH80LBE5SE,17.0256354289,
Jennifer Mack,1-364-296-8657,integer.aliquam@aol.edu,"Oct 7, 2019",United States,RZV78WOU8YE,18.6052764327,3001 146315 22744
Chava Steele,(497) 800-5035,fringilla.mi.lacinia@protonmail.org,"Jul 18, 2019",Australia,FAS45KIP6AX,-7.6816374667,490558 74 9246 3923 573
Tanner Farmer,1-743-937-8592,nullam.ut@google.org,"Apr 4, 2019",Turkey,IFB17JNX6RM,31.5039816192,3434 633588 71274
Sydney Fields,(583) 184-1246,ligula.tortor@protonmail.ca,"Apr 17, 2017",Peru,WKB75XVT6UM,2.7409438642,5318 8643 2373 2871
Myles Sampson,(436) 128-6273,ante@outlook.net,"Feb 2, 2021",United Kingdom,SGE19QFB4PM,18.1701408764,6763 2437 9395 8292
Riley Hart,(296) 522-3468,id@hotmail.org,"Aug 9, 2014",Nigeria,KDN77ZKH7OF,-1.7445758724,484 42552 94324 355
Bryar Franklin,1-231-501-7213,nunc.quis@yahoo.org,"Oct 26, 2019",Australia,ETY07IXJ6NR,32.4713117945,
Kareem Barton,1-662-724-3396,id.enim@google.edu,"Apr 9, 2016",Australia,MKY46DEE6WL,12.4103918373,527597 542478 4438
Cyrus Duncan,1-354-857-3165,integer@icloud.com,"Jun 5, 2016",Poland,QDH27YLQ4EJ,-7.015172756599999,
Dahlia Christian,(625) 417-6982,pharetra.sed.hendrerit@aol.ca,"May 29, 2016",New Zealand,XVY74JIX4ZW,-6.9207688195,676713 6142413280
Colton House,(978) 223-3687,dolor.fusce@outlook.couk,"Sep 27, 2017",Norway,HOB84RMC7JF,1.6085586977000002,3624 665586 71424
Olga Hodge,(377) 353-4952,proin.velit.sed@icloud.edu,"Jan 17, 2021",Brazil,TCQ78RFF8KV,19.758990482799998,
Philip Michael,(218) 826-9007,pellentesque.ut@outlook.couk,"Jul 13, 2021",Italy,EVM70EOU3TS,4.8282194025,493 65875 74985 722
Victoria Fields,1-617-348-4369,donec.felis.orci@aol.net,"Nov 7, 2019",Russian Federation,JCU22UHG6MA,17.532531573099998,3044 634338 24550
Hilda Robinson,1-944-788-7160,non.quam@hotmail.com,"Jul 10, 2017",Belgium,BRE97XIQ5CK,15.646183243800001,670 68247 47744 324
Dacey Barlow,1-326-221-7152,ultricies.sem.magna@outlook.com,"Feb 26, 2015",Costa Rica,PSG16EHS2XH,6.113083239500001,
Barclay Underwood,1-520-741-3539,odio@yahoo.org,"Sep 16, 2015",Chile,FIU31ZCM0IX,11.224464709200001,511774 5244923488
Colt Kerr,(843) 823-4547,risus.quisque.libero@protonmail.com,"Dec 9, 2014",Brazil,LJV37IBG6MG,15.1536437749,3654 323483 16685
Robin Webster,(389) 673-5312,ornare.lectus.justo@aol.com,"May 9, 2021",India,YDU41UDE8VJ,3.8996781360000004,
Wang Davidson,(504) 816-7174,ridiculus@aol.com,"Feb 8, 2017",United Kingdom,WLF18KEY1WM,19.0415092754,645426 7492475856
Vera Whitehead,(725) 844-4430,ac.turpis@icloud.couk,"May 23, 2017",United States,WOU87FIG4IK,3.8648635804,644755 998486 4864
Jamal Cook,1-999-213-8065,egestas.sed@google.net,"Sep 19, 2021",Peru,WHR54EJV2PY,1.109866126,6334 7979 3876 2513
Neville Fry,(841) 483-4725,congue.in@protonmail.org,"Feb 13, 2015",Costa Rica,URQ38QBH6FT,15.735915071800001,2014 315583 73516
Daquan Lee,1-852-229-0674,non@outlook.com,"Dec 13, 2014",Sweden,OGJ04OYZ8DY,5.0395749927999995,3618 888235 42653
Xena Garza,1-202-263-5814,facilisis.non@google.org,"Jul 25, 2016",Peru,IGW59DUY8XK,8.554170832,
Heather Harding,(514) 972-3223,non.leo@hotmail.org,"Aug 7, 2019",France,KTQ04VTD6CF,32.795697251,
Jelani Pearson,(727) 859-4265,mauris.rhoncus@hotmail.edu,"May 10, 2019",Mexico,OCC83HZV5EQ,16.051809686600002,555449 873142 5399
Rowan Gilbert,(838) 592-7906,tellus@protonmail.ca,"Sep 2, 2015",Germany,NZW22OUQ2MV,-9.8718726025,
Courtney Lyons,(825) 874-1611,porttitor@icloud.com,"May 29, 2015",Peru,BFH20YGE3YF,10.2793944076,2014 623878 42470
Blossom Maddox,(841) 920-5602,duis.ac.arcu@yahoo.ca,"Nov 23, 2019",Belgium,CAI33LED1JJ,20.9538370828,450874 593571 5885
Hall Trevino,1-845-639-4262,erat@icloud.com,"May 31, 2020",Australia,AEP30MGB6RQ,2.9088979981,630 44495 17749 240
Cassady Herrera,(497) 738-0071,ipsum.suspendisse@yahoo.net,"Sep 20, 2019",China,CET23FBP5HB,4.7635452113,630487 85 8424 9348 564
Joel Oneil,1-276-557-7442,luctus.ipsum@aol.ca,"Jul 22, 2019",South Korea,TUJ48ZBS7HI,-2.1176325163,6762 855329 3672
Ira Mathews,(636) 701-4547,aenean.euismod.mauris@hotmail.net,"Oct 9, 2018",Pakistan,QHI10QHA3NV,9.0193402035,
Stewart Mcknight,(253) 908-6782,metus.in@protonmail.net,"Oct 30, 2014",Australia,HPI09ZUV4TP,-10.1158145759,
Marah Baird,(881) 715-7428,imperdiet.ullamcorper@yahoo.org,"Jul 21, 2021",New Zealand,JSD14VCW9JW,11.417751909200001,647 95377 72745 611
Rylee Freeman,1-887-144-7125,phasellus.dapibus@hotmail.org,"Feb 8, 2022",Spain,MPG76PUH3MM,2.6685504934999997,
Beck Carter,1-373-216-3233,montes.nascetur.ridiculus@hotmail.couk,"Nov 20, 2021",Indonesia,ICP65KOI2EG,26.7068430194,
Rudyard Woodward,(823) 645-1021,a.purus@protonmail.net,"Dec 6, 2015",Australia,QXR82RII0JJ,14.242029087999999,491 75256 29348 929
Bradley Holloway,(626) 413-6728,pulvinar@protonmail.net,"Apr 12, 2017",Netherlands,TVQ69BQO7RH,11.4570213378,633474 2777386222
Inga Madden,(353) 506-3537,sed.diam@yahoo.com,"Dec 19, 2015",Peru,TTG45YGZ9NW,23.9146721275,3013 965787 53619
Blythe Bentley,1-382-752-6310,amet.consectetuer@hotmail.ca,"Mar 12, 2018",Australia,MMK14SCP0DS,18.3584035802,
Wanda Reese,1-558-242-1919,ut.nisi.a@protonmail.edu,"Jul 21, 2021",United States,LHR04OYT9CH,-0.6852669298999999,676375 5456952783
Patrick Erickson,1-257-125-3058,vitae.orci@protonmail.org,"Mar 19, 2015",Chile,PJD89SHQ9ST,10.8495091792,
Chadwick Hartman,1-617-872-8622,proin.vel@hotmail.org,"Jan 6, 2021",South Korea,PXM54SDX6ZV,11.993948898900001,
Avye Le,1-148-532-1183,ultricies.adipiscing@outlook.com,"Oct 8, 2017",Austria,YNS46LQF4SY,22.0052734538,3417 162495 85698
Rebekah Yates,(814) 648-8235,pede.praesent@icloud.couk,"Dec 3, 2017",Italy,WVN77WML0UY,5.6941095465,
Hedda O'brien,(783) 517-6863,penatibus@outlook.net,"Mar 2, 2015",India,TOS87DKB1MT,25.035122846300002,557783 4663944838
Desirae Cline,1-336-796-8546,nulla@outlook.net,"Dec 3, 2016",Colombia,OPK37UJK6XN,1.4493551891,670684 42 9193 4428 746
Pamela Patel,1-925-381-5178,nisi.nibh@hotmail.org,"Apr 21, 2020",South Korea,JPZ70GIQ7TL,-4.7796575233,
Seth Hutchinson,(942) 738-1815,semper.rutrum.fusce@outlook.ca,"Apr 6, 2016",Brazil,XEO27OEI9HX,6.07333571,
Vaughan Case,(790) 833-9589,lacinia.at.iaculis@google.couk,"Jul 18, 2020",Colombia,OGR36WTT2QW,10.3893120543,
Latifah Keller,(234) 276-8752,metus.in.nec@protonmail.ca,"Nov 10, 2014",United States,FDC87AKG6PI,13.982998511300002,633 43735 83829 476
April Reid,1-928-838-9257,elit.a@aol.ca,"Mar 19, 2018",Costa Rica,RCH48TME2KO,8.446939689099999,676776 7462376911
Kalia Bean,(271) 914-8902,imperdiet@outlook.org,"Jun 10, 2021",United Kingdom,LYE80GQO7ST,5.230611382799999,
Kirsten Dotson,(793) 174-6671,rutrum.non@icloud.org,"Mar 3, 2019",United States,MNI11KOH3QT,6.9441260259,484453 564354 4757
Aphrodite Joseph,(888) 774-4166,eget.volutpat@outlook.com,"Jan 9, 2022",Indonesia,HWV45EDI5JL,22.8804421411,491 19682 47486 661
Rebekah Garrett,1-392-866-2268,tincidunt.adipiscing@yahoo.ca,"Apr 18, 2020",India,WQG48QMX6DM,6.137860356900001,4929 553 76 1669
Diana Mcdowell,(804) 376-7238,rutrum.urna.nec@google.org,"Oct 11, 2019",Spain,JJU14SYH4QO,8.7932213675,6493 6223 3243 2231
TaShya Perkins,(266) 524-3067,orci.sem.eget@protonmail.org,"Jul 31, 2020",India,FIX51REK5BK,20.107253205,
Hamilton Kaufman,1-933-454-5422,interdum.ligula@yahoo.org,"Nov 12, 2018",United States,NEN44BTG5LV,21.3798308051,644145 4786211710
Lael Harvey,1-476-734-0575,donec.fringilla@google.org,"Oct 29, 2014",Costa Rica,BOE57WCY7WK,15.8368788453,
Wyoming Kelley,(275) 441-7556,duis.risus.odio@icloud.com,"May 14, 2018",New Zealand,OWF19WQC2GC,-0.6814997281,3011 742865 79240
Sharon Pope,1-247-509-2432,sed.nulla@icloud.ca,"Jul 7, 2016",Sweden,KYW06HQO3EF,-4.4223005275,2014 518487 48384
Jarrod Jensen,(192) 558-7132,lorem.auctor@aol.edu,"Jun 18, 2019",Poland,AVX84ZAO5DR,-4.1945762687,3726 583752 72851
Kennedy Mcmillan,1-614-784-5287,penatibus.et@aol.ca,"Jan 27, 2022",United Kingdom,JLQ48QYB7MC,15.7626056925,
Charissa Knapp,(335) 266-8246,nonummy.ac.feugiat@protonmail.net,"Jul 19, 2019",Turkey,IUQ61QGE2VQ,6.1034798423000005,532571 3554166435
Scott Johnston,(768) 300-5282,eget@yahoo.org,"May 26, 2014",Poland,XTQ58XPD4GX,24.3040360485,491327 2494646525
Dante Thompson,(382) 865-5794,sit.amet@protonmail.ca,"Oct 25, 2020",Vietnam,ZTT70VAR8VN,8.1973787915,548864 618936 3444
Courtney Kramer,(204) 362-1272,ac@aol.org,"Apr 14, 2016",Norway,JXN29TVO1DY,19.0765178382,676791 65 6137 2462 216
Indigo Best,(231) 807-7233,feugiat.non@hotmail.edu,"Dec 31, 2020",Canada,PYN27KMH4XY,7.8769321632,522 86439 52729 765
Mara Hendricks,1-742-432-7972,nam.nulla.magna@aol.edu,"Aug 7, 2020",Netherlands,LHG84DTI2XB,10.0969895897,4175 0012 2215 6488
Lydia Avila,(726) 543-1336,torquent.per@icloud.edu,"May 13, 2016",Spain,HGC56WFN8JF,1.3575520246000001,490 37955 62178 874
Malik Mcguire,(325) 452-1795,ut.pharetra@google.net,"Jul 5, 2015",Netherlands,HGD11ICQ5HX,13.1039110198,
Marcia Baird,1-782-761-2222,arcu@google.org,"Jan 16, 2015",Mexico,XAW86FUM4VR,4.5482881943,
Thomas Porter,1-586-690-7187,sapien.molestie.orci@aol.net,"Nov 2, 2015",United Kingdom,VBC43MEP2LP,-3.374171464,417500 235536 6720
Josiah Sharpe,1-765-776-3635,donec.nibh@protonmail.ca,"Nov 19, 2014",India,WTL21FVQ6KJ,14.793121481500002,522259 4658858844
Velma Kirkland,1-826-208-6266,ipsum.curabitur.consequat@google.org,"May 30, 2021",Peru,VXQ87POJ4CT,8.858139867,646 63578 78541 771
Kennan Pearson,1-566-117-1862,sollicitudin.a@yahoo.net,"Sep 3, 2015",Austria,JXO31BDD6II,15.0178803826,6477 4467 4329 2459
Craig Dickerson,1-373-580-5024,dui.nec@outlook.edu,"Feb 15, 2019",India,CFL13KBU4MX,15.927904347,633 37753 65681 266
Jack Bradford,1-644-345-8393,vitae.aliquam@google.com,"May 27, 2016",Canada,IPJ37NPL2HM,8.7131063219,491 33868 22223 649
Claudia Banks,(304) 827-6135,mauris.ut@aol.ca,"Dec 25, 2015",Peru,FYI31RIF0DY,16.1440590851,549 69772 71596 843
Bevis Martin,(105) 924-3742,mauris.ut@protonmail.ca,"Jan 18, 2016",South Korea,TLQ37FQK5JH,33.5636668796,
Hiroko Daniel,1-686-711-3821,justo@aol.couk,"Apr 24, 2020",Turkey,SNW60QFI1UH,10.575383072200001,
Catherine Schmidt,(748) 771-8811,ut.aliquam@yahoo.ca,"Dec 1, 2018",Ireland,DCB78SZH8AH,16.6746783349,3026 732287 34986
Edward Hodge,1-517-483-8741,tellus.non@outlook.com,"May 11, 2015",Ireland,MFM27RRQ5DI,5.0523383044,3766 555552 43476
Christian Barber,1-208-837-3271,a@icloud.net,"Jan 22, 2015",Turkey,NSB94UGI2LZ,4.9259490781,
Jaime Brock,(581) 805-7141,non.sapien.molestie@icloud.couk,"Jul 13, 2015",Germany,RJT74LSG9DK,4.6072833767,417500 194253 2786
Lawrence Sellers,1-483-386-1213,vulputate.posuere@protonmail.org,"May 13, 2021",Brazil,SAX70RPY3WC,1.410334629,491147 31 2584 8314 127
Patricia Shepherd,(751) 723-1088,dui.quis@hotmail.ca,"Feb 16, 2016",Austria,KRG26RMS0TI,9.8429611788,3718 278717 88345
Xander Aguirre,1-242-808-6419,lorem.tristique@outlook.edu,"Feb 17, 2016",Ireland,GFB29MXC6FS,5.4368155175,6767 8452 5854 5962
Priscilla Foreman,1-831-507-6898,libero@aol.com,"Apr 27, 2014",Nigeria,TRK43EFR3UV,7.2170542986,647474 434586 4649
Jordan Curry,(893) 410-5351,risus.in@outlook.com,"Dec 9, 2018",Brazil,RKL78LJT9PW,1.7060218994,
Britanni Bond,(711) 758-6074,arcu.iaculis.enim@aol.org,"Jul 7, 2017",Peru,LSY00XNQ4FP,7.6043457823,3453 846736 12573
Beverly Cruz,1-732-523-3537,eu.augue.porttitor@icloud.org,"Jan 6, 2017",India,OYQ91UGF8OR,5.3165326631,676 71749 65235 571
Cassady Holland,1-636-268-2084,est.mollis@google.ca,"Apr 30, 2014",Costa Rica,PER16RFH5NG,10.907234111400001,677195 7446745224
Graiden Bernard,1-711-231-4632,egestas.urna.justo@icloud.org,"Jul 2, 2016",Mexico,QPN32SBB7AW,9.9169693781,6494 1378 6726 3793
Jayme Cortez,(367) 251-0422,ornare.tortor@outlook.net,"Aug 1, 2017",Spain,AXO38SUR4EG,8.024853688099999,538 73862 99989 281
Karly Dodson,1-624-316-0286,sed@yahoo.couk,"Aug 25, 2020",South Korea,CXF31VKN6OA,11.3727987144,
Octavia Sellers,1-707-230-3577,magnis.dis@icloud.couk,"Nov 9, 2015",Indonesia,HPV53QJP4JI,19.1103273682,531363 3343775524
Meredith Sanford,1-236-762-1087,placerat.cras.dictum@aol.ca,"Apr 6, 2018",Sweden,YWG77PEP8UJ,16.6120268582,5641 8244 6556 9380
Alan Baldwin,1-468-574-3341,nulla@hotmail.org,"Sep 13, 2016",Australia,DGK02BIG1LF,28.6517522975,670931 759268 8552
Erich Whitfield,1-845-753-9287,aliquet.phasellus.fermentum@outlook.ca,"Feb 25, 2020",Spain,DHE05IEC1WJ,5.417170317899999,633346 9272394151
Jesse Suarez,(543) 542-1427,porta@icloud.com,"Feb 28, 2018",Ireland,OVM23EXH5KO,8.590605611,3442 864374 39535
Carl Compton,(148) 263-2683,sagittis.placerat.cras@aol.com,"Sep 13, 2015",New Zealand,XTH23YTO5HM,19.7724907049,
Quin Hood,1-443-526-3204,proin.vel.arcu@outlook.net,"Jan 15, 2018",Turkey,RXN92GMT8JE,3.9065613822000005,
Darrel Barnett,1-665-856-3747,diam.proin.dolor@hotmail.com,"Apr 26, 2014",South Korea,RVH44QKY3GP,5.2516790649,453276 974845 6677
Abraham Gilmore,1-410-232-6581,fusce@icloud.net,"Sep 2, 2020",Ireland,KXG42RSA8DO,7.843036387200001,
Heather Rogers,1-447-755-1035,ligula@google.couk,"Oct 11, 2019",Netherlands,FPC65RJN1BS,2.4983712451,
Mohammad Mays,1-219-656-3382,sed.diam@google.org,"Jul 22, 2017",Costa Rica,MXR15XEE8QC,-3.238787293,3761 541981 23733
Jared Hyde,(540) 453-1319,justo.eu@hotmail.net,"Nov 8, 2020",Mexico,BKH15NCD9LD,24.9509991775,4026 6464 6848 1957
Abbot Bird,1-381-454-7717,risus.in@aol.ca,"Aug 12, 2021",Mexico,LMY90NNT3PG,12.3531467805,5038 9728 3833 9196
Quemby Morgan,1-136-672-6136,interdum.libero@hotmail.ca,"Oct 1, 2019",United States,PUQ67NCO8WA,-0.4068944813,
Ulric Carney,1-343-614-5332,duis.sit@yahoo.com,"Sep 14, 2016",Pakistan,MJI16KCG8HM,15.6617881519,4844 8727 4885 5451
Edan Rollins,(474) 372-4361,amet@aol.net,"Nov 8, 2015",India,LLK41RXE7HV,8.5722821504,633 11057 24264 889
Wing Phelps,(286) 743-1434,pellentesque.habitant@icloud.net,"Apr 19, 2019",Poland,LDM83HTN5WB,15.113532024000001,6759 5479 2717 3651
Cyrus Bauer,1-323-261-8812,mauris.morbi@aol.couk,"Feb 26, 2016",Mexico,DNZ46UCT5XS,0.4246313874,4929 356 81 5860
Lyle Mcintyre,(446) 736-8407,fermentum.metus@aol.couk,"Oct 20, 2020",Ireland,MTS20OZV4XJ,5.7638374882,647267 556446 6256
Evelyn Hines,(236) 817-1162,aliquam.fringilla.cursus@google.ca,"Sep 27, 2020",Peru,ETG48OPH5JV,-6.6688903224,
Olivia Barron,(490) 379-8455,odio.sagittis@protonmail.org,"Jun 19, 2015",Turkey,DPL74PTR0YI,12.919671601400001,
Dalton Bond,(881) 493-1142,porta.elit.a@icloud.ca,"Feb 6, 2019",Australia,HCT36GFM4RU,3.5642405612,670 95532 88712 559
Courtney Mccall,(602) 283-7441,ad.litora@aol.net,"Jan 18, 2015",Pakistan,PLI15PQM6LX,-11.8945514448,
Kellie Elliott,1-471-843-2882,feugiat@protonmail.org,"Jan 10, 2015",Italy,PVL56SHU2KS,8.755891131,
Craig Owen,1-932-258-8224,in.consequat@hotmail.net,"Dec 5, 2014",Poland,YAG83IRS5XU,5.053690473600001,
Elton Mcgowan,1-250-247-6704,eget.varius@hotmail.net,"Feb 25, 2014",Poland,WLV42XDJ5RU,6.7620403695,633476 4585383472
Nehru Fields,(442) 134-4844,vel@hotmail.net,"Dec 17, 2021",United States,RCL94CDM5MQ,-1.9055683099,2014 472389 25137
Wilma Moran,1-888-535-4444,in.ornare.sagittis@google.edu,"Mar 17, 2015",Austria,HPW52QYE8DJ,5.3404965063,
Amery Barlow,1-764-495-8296,purus.sapien@protonmail.edu,"May 26, 2014",Austria,UQD20IJY3WK,-0.47657870880000003,
Blake Wright,(439) 447-6651,ultrices.vivamus@icloud.net,"Feb 16, 2018",Germany,WDV81VTS3TM,-4.296978767300001,2014 286284 86138
Quamar Alexander,1-562-966-4058,sit.amet.consectetuer@yahoo.ca,"May 18, 2014",Mexico,WPN38WYY3RD,8.2045024955,3013 566831 61348
Britanni Erickson,(564) 571-6247,non.enim.mauris@outlook.edu,"Oct 13, 2021",Costa Rica,ZWP23CSL2FF,21.777482646,6706 2683 5467 5373
Hiroko Gray,1-968-381-5241,semper@hotmail.couk,"May 13, 2019",Canada,MYN46TSY1IH,2.4274016972,633448 743562 8678
Joy Curry,(851) 984-0996,lectus.sit@yahoo.ca,"Jan 26, 2022",Canada,PHI49AWC9UO,13.2022677371,503834 437884 9481
Yoshio Pugh,1-374-593-2158,tellus.faucibus@protonmail.edu,"Nov 12, 2020",Ireland,GWL20QKD3OY,2.8078913962,3003 692164 88196
Liberty Keller,1-762-688-1712,nulla.dignissim.maecenas@aol.com,"Sep 24, 2016",Colombia,VPM46TSH4XC,-1.3744459334999999,646276 823446 2581
Portia Compton,1-122-535-3779,pharetra.nam@icloud.couk,"Jul 25, 2021",Canada,IXM83QGQ8UK,3.9752765074000003,645698 5411622443
Cheyenne Robertson,(830) 880-9696,ullamcorper.nisl.arcu@outlook.net,"Jul 10, 2017",Vietnam,OFJ40PRE4KE,16.0134027693,
Ashton Aguilar,1-637-562-8852,molestie.in.tempus@icloud.edu,"Oct 26, 2014",Pakistan,SBV56NQB9OB,8.4163999189,517823 618556 7613
Alfreda Haynes,1-882-378-1091,sociis.natoque@google.ca,"Apr 20, 2019",Indonesia,QLB28YWX8AT,13.5220265759,450846 4888864951
Cain Bishop,1-114-316-2428,malesuada.integer@outlook.com,"Nov 26, 2019",Turkey,NFI29SBL8JV,5.8545030878999995,
Flavia Moran,(538) 156-6741,commodo.ipsum@yahoo.ca,"Mar 17, 2019",Italy,SHO42QRI3WX,8.025100587999999,
Reed Gaines,(515) 417-2870,rutrum@icloud.ca,"Jul 14, 2019",France,NIX05XDP1HH,3.0435324611000003,633 46379 57366 624
Peter Wolfe,(770) 923-1981,non.vestibulum.nec@protonmail.couk,"Jan 28, 2020",United States,ARE09TGW1VS,16.1880264236,6483 3266 7836 2612
Burke Farmer,(436) 944-7552,dictum@icloud.org,"Nov 20, 2017",Mexico,HFV83JQU7BL,10.3392716153,6763 814579 14474
Emery Rollins,1-324-283-6145,ipsum.leo.elementum@yahoo.edu,"Nov 22, 2014",Nigeria,GPK44NXD4KI,10.2024878541,
Tamara Guy,1-513-873-2187,sed.eu.eros@protonmail.edu,"Dec 30, 2015",Brazil,KOD17ISF1VH,5.0390129816,2014 662623 35484
Sonya Cash,(855) 855-7157,curabitur.egestas@protonmail.couk,"Apr 22, 2020",Mexico,CFT72NQT9XQ,11.028846050899999,
Kevin Rodriguez,1-315-658-8810,adipiscing.lobortis@protonmail.com,"Feb 15, 2018",Poland,YQV27RXI7NK,19.9127808296,
Rae Watson,(322) 278-4433,pede.ac@yahoo.edu,"Feb 2, 2016",Spain,HIT48KOP1ML,3.124663514,
Stacy Joyner,(386) 265-9316,pede.ac@outlook.edu,"Jun 6, 2017",Poland,JQQ08AOW6BT,5.744659937100001,6475 2873 8194 6341
Dieter Dalton,1-756-818-5138,egestas.aliquam@outlook.net,"Dec 26, 2018",United States,QFZ83OJQ5NW,18.0317491289,
Walker Williamson,1-775-345-1812,erat.volutpat@google.ca,"Mar 8, 2016",Poland,RBJ23YVM0OL,12.5278157518,3678 332998 23116
Desiree Short,(371) 583-8452,vehicula.et.rutrum@google.org,"Oct 29, 2014",Germany,YTB17PCT6OM,5.848786621,670 68333 86515 168
Joshua Davidson,1-456-828-6422,mi.lorem@outlook.ca,"Dec 30, 2017",Italy,FEL25PDU6RN,15.672009448099999,
Alea Taylor,(739) 766-6661,ut@aol.com,"May 21, 2017",Costa Rica,WKY61HFW2RE,-1.273535662,2149 839753 76436
Elizabeth Hardin,1-445-493-4279,dolor.nulla.semper@hotmail.net,"Aug 29, 2021",Australia,NUD63JNW8XL,21.9773858614,450885 4843194850
Madeline Harvey,1-219-811-8813,non@yahoo.edu,"Oct 23, 2017",Canada,LTL61WNG4MT,2.0542661853,3623 675535 75760
Kirsten Blair,(783) 817-5221,nunc.quis.arcu@aol.couk,"Jan 23, 2016",Spain,RPE28BSJ4CE,22.0174559642,
Rahim Preston,1-209-121-2261,amet.diam.eu@protonmail.com,"Nov 19, 2021",Turkey,ODB32IVH9TF,21.941786702199998,676 74783 74653 351
Montana Vinson,1-611-684-0665,urna.et.arcu@outlook.couk,"Jul 22, 2020",Norway,WRY64QIY9PB,-7.0031443173,492 97517 52583 837
Odessa Mcguire,1-734-481-8753,convallis.ante.lectus@hotmail.net,"Dec 20, 2018",Spain,VPO52YTI4HJ,23.6752043155,
Xenos Graves,(444) 478-0651,enim@hotmail.org,"Dec 30, 2018",Canada,VCP51KAK7NB,18.0251509507,670923 81 7628 8631 359
Rina Jimenez,(279) 344-6596,nullam.scelerisque.neque@hotmail.ca,"Apr 30, 2019",Pakistan,VSG62GJM7PE,-2.3592059359,471625 575868 5536
Melodie Golden,1-129-594-1131,quam.dignissim@aol.ca,"Apr 14, 2016",Pakistan,FYS79USJ4JJ,10.8311425786,3676 568476 35843
Harlan Schneider,(785) 306-4386,eu.eleifend.nec@yahoo.edu,"Feb 7, 2022",United States,OYK49HZV4RS,8.3151919093,4024 0071 1495 2374
Angelica Watkins,(659) 252-6273,pede.nonummy@aol.net,"Feb 13, 2020",Poland,NMJ14TSG2DD,9.8850333929,491 14974 28299 537
Adena Ashley,(844) 846-0861,elit.curabitur.sed@protonmail.org,"Mar 11, 2014",Vietnam,SQL42JPB8LL,9.981672596100001,3045 572359 22262
Ignacia Mayo,(140) 373-4132,eu@hotmail.com,"Feb 26, 2015",Austria,CSE66HVG2WT,3.4774043948,
Jack Sutton,1-456-905-2159,est@hotmail.couk,"Jul 13, 2020",Ireland,TQF05POZ6RF,18.8605623924,
Linus Chambers,1-205-363-7024,ullamcorper@aol.net,"Jan 16, 2017",Italy,WBO58GVQ1TO,2.1769633563,
Sydney Crane,(233) 373-7141,libero.donec@yahoo.edu,"Mar 9, 2017",Costa Rica,ESS61ZJE7VD,4.571457225,478487 8547634890
Keaton Barrett,1-414-876-6581,lorem.fringilla@yahoo.com,"Feb 18, 2019",Indonesia,TSS32MVH6HG,-3.1451358705000003,670625 5575478620
Shelby Edwards,1-312-736-8862,dolor@protonmail.net,"Mar 14, 2015",Netherlands,VVN82VHV9WQ,14.1987921126,633 43617 35735 436
Octavia Weiss,(331) 398-1121,pede.malesuada@protonmail.org,"Dec 24, 2020",China,KQW95FGO8MT,11.293785343900002,455689 889786 2939
Wyatt Mayo,1-648-636-5511,egestas.a@aol.ca,"May 30, 2019",China,ZSY41QEX6NJ,-0.403669606,
Rahim Christensen,1-824-884-7611,enim.nec.tempus@icloud.edu,"May 28, 2021",Canada,IRG53HXR7YV,3.4159320856,
Jordan Carpenter,(885) 388-9324,leo.cras.vehicula@icloud.com,"Dec 19, 2016",Nigeria,LSN35FUF8XE,21.7977314752,3452 658231 46838
Vielka Tate,(271) 983-4756,sit.amet@yahoo.com,"Feb 13, 2016",Colombia,YEY43KBV9IX,-5.937012881799999,
Ciaran Nixon,1-231-782-8614,lacus.etiam@hotmail.ca,"Jan 11, 2020",Peru,ORQ14QOE6NP,15.076730608599998,5771 461 27 8778
Dillon Hopper,(827) 255-4766,vitae.semper.egestas@outlook.ca,"Sep 22, 2020",United Kingdom,QUZ70VYL8WA,14.3923460357,
Brock Rivers,1-377-342-9866,est.mauris@aol.edu,"Sep 11, 2014",Canada,BDU61LGU9MW,-9.0650614293,676795 2549794126
Aladdin Stark,(382) 876-4442,morbi.metus.vivamus@hotmail.com,"Jan 23, 2020",Indonesia,XQR22QLT2XS,11.0220876485,4556 482 24 8219
Yasir Meyers,(156) 774-3838,parturient.montes@aol.org,"Mar 15, 2018",France,FPS10BRC7EY,26.9612365744,
Celeste Rivas,(434) 323-3161,et.pede@aol.couk,"Apr 5, 2019",France,DBS07OMQ7SG,6.0489710416,
Bevis Day,1-610-354-4744,sem.ut@icloud.net,"Aug 3, 2014",Canada,OXV03BJC4XX,-2.1845910233000003,3729 168719 12838
Leonard Turner,(880) 500-7346,lacus.mauris@icloud.com,"Aug 27, 2021",Belgium,WDQ77PVG4TR,22.6042040912,
Lavinia Stout,1-444-242-3928,ac.mattis@google.ca,"Oct 30, 2019",Chile,QXE81WVP2NJ,18.8157306419,
Zenaida Schroeder,(342) 243-9452,nec.cursus@aol.net,"Feb 26, 2021",Costa Rica,TRJ08DWK2SF,7.4354784792999995,3648 827646 93374
Benjamin Schmidt,(758) 737-2648,luctus.curabitur@aol.ca,"Feb 29, 2020",China,DAP36GCR4FG,8.8246738731,455648 943328 8134
Leo Herman,1-544-135-6140,pede@aol.ca,"Mar 25, 2014",Costa Rica,QYO81AYF4SX,14.749876040899998,536364 472824 6972
Olga Franks,1-178-222-5681,quisque.purus@aol.ca,"Nov 30, 2019",Netherlands,LUX21XJO5XM,14.5817399038,3018 251465 25661
Elaine Hayden,(380) 824-9871,nunc.ut@aol.com,"Jul 21, 2020",Italy,XIO46IOY0UD,8.098466777,475 46637 83313 797
Leo Sharpe,1-521-659-1672,nunc@yahoo.net,"Nov 3, 2017",Chile,YQQ81PEI6RT,3.991492736,633478 82 3565 6788 620
Isabelle Delgado,(871) 688-3070,sem.vitae@protonmail.ca,"Aug 23, 2017",Peru,VRI47TJW8NG,24.1367677635,491735 8858841723
Xantha Day,1-829-645-2182,fames@hotmail.com,"Mar 14, 2015",Australia,TOW46KKN4RE,-1.029240285,556 86457 35568 822
Edan Bright,1-313-581-5516,enim@hotmail.org,"Jul 6, 2014",Russian Federation,RIE87PVO2VD,-4.7190350889,630454 32 9359 6554 130
Samson Leblanc,1-962-661-4063,neque.sed@outlook.net,"Jul 17, 2017",Costa Rica,DMM85NST2HQ,6.7059687896,4485 2771 7441 6162
Lee Santiago,(607) 834-3834,id.nunc.interdum@yahoo.ca,"Jul 27, 2014",Indonesia,KKP80SCY0AJ,9.1125083842,2149 377693 89476
Jordan Navarro,1-703-197-4644,aliquet.metus@outlook.edu,"Dec 9, 2017",South Korea,NRG74JFV8QA,5.2772999314,6524 9491 9957 6849
Madonna Roberson,(831) 785-6716,dis.parturient@hotmail.ca,"Aug 4, 2021",Poland,AMT31RKW6TJ,25.970187893000002,2149 899483 66347
Noah Bailey,(625) 730-6638,ut.aliquam.iaculis@yahoo.couk,"Apr 8, 2015",Spain,GLU35XVJ1AY,4.9095376289,490 36839 72939 616
Armando Bruce,1-521-744-6187,quisque.imperdiet@hotmail.couk,"Jul 27, 2017",Ireland,ZPJ63AGK6XN,17.8035968123,
Boris Huffman,1-138-690-4363,penatibus@yahoo.edu,"Aug 25, 2014",Sweden,MMS42YJM9QG,6.4831710812,
Lysandra Barron,(151) 144-9649,imperdiet.dictum.magna@google.com,"Mar 25, 2014",Indonesia,QVS52IVW0BN,14.270928811600001,3641 873734 14646
Steven Lawrence,(356) 643-3127,elementum.at@icloud.org,"Dec 17, 2020",Russian Federation,FPK62JXC3KG,-9.4749558165,3023 287368 46117
Maisie Garrett,(175) 633-8474,rutrum.fusce.dolor@hotmail.couk,"Mar 14, 2015",Canada,RTW15PLY5HT,12.5459570342,6476 6283 4768 3388
Olivia Hill,(620) 808-1827,a.tortor@outlook.ca,"Oct 16, 2017",Nigeria,HEJ65DUC7VY,17.651007295699998,675998 856627 6142
Maisie Tyson,(503) 420-4285,lorem@google.net,"Feb 14, 2017",France,TJJ47XQY5IT,6.5977347906,
Cairo Talley,(584) 212-8807,maecenas@protonmail.net,"Jul 27, 2015",New Zealand,QHX26TJF6UM,9.2232727823,647232 8524622549
Kelly Leon,1-844-223-8300,erat.volutpat@icloud.couk,"Oct 29, 2021",Norway,GHL03XMS6AW,8.3682661316,
Malcolm Black,1-815-398-1819,nam.interdum@icloud.couk,"Apr 8, 2018",Canada,DPT65PLR4DH,14.988967286800001,670926 75 3397 6665 640
Odette Young,(305) 563-1373,ante.bibendum@icloud.net,"Oct 8, 2019",Belgium,LDM31SWM6BR,11.5866693546,677122 2679158888
Leandra Herrera,1-651-255-1915,et@protonmail.org,"Jan 21, 2018",Netherlands,WPX80NJW5LO,2.8719940176,645227 488283 6624
Ulric Cabrera,1-344-834-3176,lorem.ut@protonmail.com,"Jun 9, 2015",Canada,QNZ58VOW4LB,3.555944587,518657 613833 2239
Davis Stephenson,1-752-698-4168,risus.quis@yahoo.org,"Jan 28, 2017",Poland,IJX30ZQK3YK,8.1590228546,4508 8561 5242 2616
Maxwell Foley,1-729-471-0217,tincidunt.adipiscing@hotmail.org,"Jun 13, 2015",Vietnam,LPE21IDX2MW,2.8314726673000004,
Ariana Chase,1-731-341-2572,ac.metus@google.couk,"Jan 13, 2015",Colombia,OKF13DNH5FJ,9.1426040638,676 78686 43763 181
Hillary Barr,(343) 326-6105,suspendisse@aol.com,"Nov 27, 2020",Norway,RJT34THD4WF,23.3854764339,4716 5762 7279 7857
Candace Newman,(224) 526-2585,cursus.diam@google.com,"Sep 30, 2019",Canada,BDP08JUW3AT,14.6565244878,676316 2345721372
Quin Snider,1-481-372-8011,sit.amet@hotmail.ca,"Jul 2, 2015",France,CCS03LEB4YS,28.1104682412,677188 2876826858
Phyllis Deleon,1-780-483-4555,eu.tellus@protonmail.com,"Jun 22, 2018",Vietnam,RLD81DDP0NE,1.9537535112,450 88556 54498 876
Dawn Barrett,1-389-464-4404,auctor@protonmail.net,"May 15, 2014",Australia,XBM38VNO2HO,20.5164605461,
Courtney Leblanc,(681) 388-2644,cras@outlook.edu,"Apr 30, 2019",Spain,IMV87NQC7WJ,20.8650968908,644687 244818 8890
Guinevere Hendrix,1-216-625-2079,nulla.cras.eu@hotmail.edu,"Oct 21, 2017",India,HGT67GFQ5CE,17.3874432746,
Akeem Gates,1-954-838-9217,suspendisse@aol.ca,"Jul 20, 2015",Austria,URL52UGD6XW,-1.0716531068000001,5144 3437 4579 2383
Ramona Roach,(861) 867-5614,dolor.tempus.non@outlook.net,"May 30, 2021",United Kingdom,NRN42UHZ4DV,21.1377755823,677 15294 44528 819
Lois Saunders,1-465-481-8133,eu.ligula@yahoo.couk,"Jul 12, 2018",Brazil,MWC09UKN2JI,-8.1155538043,5762 545363 27481
Ray Arnold,(467) 292-4883,pretium.neque.morbi@aol.ca,"Oct 8, 2020",Italy,SHR78QPG2JI,18.279681985,3669 649343 73372
Rana Whitaker,1-557-278-2646,proin.dolor.nulla@aol.ca,"Apr 30, 2015",Italy,LUF22JWS2PS,19.402351186199997,503855 3372585475
Xena Gonzalez,(863) 523-8621,lacus.mauris@aol.ca,"Sep 18, 2018",Canada,THN49DEW4HD,7.481926474600001,
Yetta Dorsey,(191) 326-3741,nulla@outlook.com,"May 22, 2014",Spain,BDY55DYV2VZ,9.9203237664,
Chester Ross,1-877-386-7213,mauris.molestie.pharetra@protonmail.couk,"Aug 24, 2014",Mexico,XMP33AVI1ZY,4.0010992692,5543 8345 5772 8454
Todd Joseph,1-541-856-6508,elit.nulla@protonmail.edu,"May 9, 2019",Colombia,STO22LMQ5OL,11.2067063999,633 45878 86543 225
Fatima Day,(205) 864-8065,non@protonmail.com,"Nov 28, 2017",Austria,KNI48QHE9EJ,-9.76577577,
Aquila Quinn,1-488-485-6219,vehicula@hotmail.net,"May 29, 2017",Italy,MKU35OBB7NH,13.8249160093,
Tad Rowland,1-176-652-3524,aenean@hotmail.edu,"Nov 14, 2018",Canada,BOL63YZO7HZ,17.6270322798,2014 728563 37159
Cedric Mcconnell,(931) 818-2254,quam.dignissim@aol.couk,"Apr 6, 2020",Chile,HMG61RXN8SO,5.951969846,2014 635624 68636
Quon Rosales,1-987-723-8588,aliquet.sem@hotmail.couk,"Sep 29, 2014",Sweden,HTE36HXS1FJ,18.117306571300002,633452 846374 3382
Jamalia Allison,(531) 933-5088,erat.vitae@yahoo.com,"Oct 3, 2017",Austria,QNW22RQU7JG,15.748128091199998,676758 2236377362
David Tate,(386) 611-6615,amet@icloud.edu,"Dec 21, 2014",Russian Federation,XRK14VWK5ZD,17.043482806,670 63825 95446 849
Amir Gilbert,(469) 540-1605,suspendisse.sed@icloud.net,"Oct 24, 2014",Pakistan,DVV19FYN8AW,10.218046987100001,
Quemby Kane,1-764-562-4577,eu@hotmail.couk,"Jul 25, 2019",Germany,PEE22WZM1MF,18.8620527697,4913 8232 4633 1236
Chase Cohen,(567) 720-8411,et.eros@google.org,"Dec 5, 2019",Netherlands,QQC21LUX6IK,12.7416789824,2014 725686 35445
Nolan Carson,(541) 403-6663,a@hotmail.com,"Sep 17, 2019",Germany,GLN05VMG2XW,9.69282813,
Kelly Buck,1-256-286-2773,donec.vitae@yahoo.couk,"Nov 1, 2016",Costa Rica,KDH36RIQ3KU,8.3330411968,676 72686 46363 867
Iola Espinoza,(346) 938-8233,vivamus.rhoncus@yahoo.ca,"Feb 13, 2021",Australia,MKK70CNB7OP,7.0317746022000005,
Shaine James,(967) 572-9425,vivamus.non.lorem@outlook.couk,"Feb 12, 2021",Turkey,RLM86TEI6UB,2.5392147609,
Nigel Garcia,(288) 856-3329,vitae.sodales@aol.net,"Jan 13, 2016",Mexico,EIY71ZMM6MR,1.0881075127,648 85642 22121 655
Keegan Armstrong,1-892-836-5369,praesent.interdum@hotmail.couk,"Jun 11, 2020",France,LRX05KXB0RD,7.7118642072000005,6762 646741 65577
Cheyenne King,1-569-745-1244,diam.lorem.auctor@yahoo.edu,"Nov 6, 2015",New Zealand,SQO46XFK6VL,6.427280576,
Emma Boyd,1-829-732-1645,ipsum.leo.elementum@yahoo.com,"Mar 21, 2014",Chile,VQY66HQF8PP,16.4804679577,
Shad Head,(460) 483-9566,faucibus.orci.luctus@hotmail.org,"Jan 15, 2022",Italy,PVM68SNC1PC,3.0807999891000004,644439 554432 6885
Erin Marshall,(445) 891-8577,sapien.aenean@aol.ca,"Feb 25, 2015",Belgium,RHP19CHD3KM,8.408339740499999,3424 636684 36884
Lani Matthews,(277) 232-8563,eros@yahoo.org,"Apr 10, 2017",New Zealand,VEY56RQB6MA,0.2054256952,453 22486 77376 636
Silas Brewer,1-515-692-4508,dui@outlook.ca,"Sep 22, 2016",Vietnam,RGQ68CUU7JM,17.992280822999998,
Colleen Kerr,1-376-784-4861,quisque@yahoo.com,"Jan 10, 2018",South Korea,VPL32IPD4PS,16.5229716295,3748 172483 38731
Len Watson,1-862-123-7456,libero.proin@outlook.ca,"Mar 10, 2014",Russian Federation,COY46AHL8FV,8.7952558515,2014 274654 25639
Gareth O'donnell,(332) 207-4497,mauris@outlook.ca,"Oct 9, 2016",Germany,WQL42KYM6FP,10.0094407194,
Shaine Hopkins,1-386-218-3702,sed.consequat@google.edu,"Jan 6, 2022",Mexico,GXL00SSP7DC,14.262762956,3689 376456 73478
Ignatius Benson,1-823-957-4040,non.massa.non@outlook.net,"Sep 16, 2019",Nigeria,HBT15NPR7QK,1.2161689999,
Amaya Roman,1-470-581-4615,consequat.lectus@protonmail.net,"Jan 1, 2020",Pakistan,LPU23JWY4SO,19.107828448,3632 773598 93490
Addison Deleon,1-752-845-7803,dictum.ultricies@yahoo.org,"Apr 30, 2019",South Korea,KFR51LXJ7UN,7.786640397699999,417500 428618 2960
Buffy Foley,1-439-528-9272,gravida.molestie.arcu@protonmail.com,"May 31, 2021",United Kingdom,KNP89WSB5JY,35.681057623200005,
Isaiah Rivera,(603) 618-7616,primis@yahoo.edu,"Jul 21, 2020",Indonesia,SGR61JDU9YW,-8.637074503600001,3055 276445 25799
Holly Burns,1-747-239-8395,ante@yahoo.org,"Sep 16, 2021",Peru,PQO79TJF6FE,14.8924622646,
Jessica Yang,(687) 598-2109,ut.tincidunt@protonmail.couk,"Apr 22, 2016",Sweden,QLH50KGF5FC,10.578978486799999,676291 181629 3456
Kessie Curry,(437) 241-4380,mollis.nec@google.ca,"Jul 29, 2020",Pakistan,QUX27LUH6DF,19.761397741099998,
Clio Sexton,(531) 534-2792,non@google.com,"Sep 8, 2015",Australia,UVN17XQK0YZ,16.6988181302,648695 556785 3427
Mary Munoz,1-225-557-4141,dis.parturient.montes@hotmail.couk,"Jun 18, 2021",Colombia,WVC19SNG7KV,12.2362363356,450817 8478134480
Randall Hoffman,1-451-223-1518,a.mi.fringilla@yahoo.edu,"Sep 24, 2019",Spain,GYF66YBT2CV,4.3653549321,
Bevis Norton,(756) 675-2528,ultrices.a@hotmail.ca,"Sep 25, 2020",Indonesia,GVK88YTJ3CL,1.8815579871,491124 62 3134 2184 564
Bert Dunn,1-313-639-2752,libero.morbi@hotmail.edu,"Sep 18, 2020",China,GUK51OTY4LF,18.5530171409,6304 936488 49256
Raja Barrett,1-430-281-8656,lectus.quis@outlook.ca,"Jun 11, 2017",Nigeria,IQQ69IRY7SY,4.1766323645,
Zeph Petersen,1-926-715-3422,arcu.nunc@aol.ca,"Sep 17, 2018",Australia,LJO45YCW6YE,20.0227061479,
Abbot Haynes,1-110-543-8212,lorem.tristique.aliquet@outlook.ca,"Apr 26, 2015",Netherlands,SVY78NSE9DA,-6.5041059086,
Michael Forbes,1-452-735-2687,integer.vulputate.risus@yahoo.ca,"Mar 14, 2020",Russian Federation,MZE15LQY1MX,17.3780897858,633466 5844132354
Keefe Nelson,(357) 592-8129,ultrices.sit@google.net,"Nov 7, 2016",Sweden,OCT70DOL9XL,10.918285183,
Yardley Cunningham,1-839-355-0456,libero@icloud.org,"Jun 24, 2016",Indonesia,JVR17IJW3BV,-4.4534547257,630437 37 6488 5458 113
Conan Mills,1-724-683-3174,eleifend.vitae.erat@hotmail.com,"Aug 17, 2015",India,DIH58ZLT4JV,4.6905637952,677153 28 2298 4282 152
Rhiannon Hubbard,1-551-547-7982,iaculis.nec@hotmail.edu,"Nov 30, 2020",Brazil,VCV11SDR7IE,11.165553259300001,
Lacota Tyson,(269) 594-8723,risus.at.fringilla@icloud.org,"May 6, 2019",Australia,KFD45GTK0VQ,11.5852445558,
Hayfa Perry,(125) 632-6120,amet.ornare.lectus@icloud.org,"Jun 1, 2020",Peru,ZDH29IZU4GU,0.2158574039,
Kareem Murray,1-157-833-3005,mi.duis@outlook.edu,"Aug 23, 2020",Australia,DBC67KFI5HE,12.692933265699999,
Brynne Conner,(329) 739-2723,pellentesque.ultricies.dignissim@yahoo.com,"Apr 13, 2014",Brazil,RXK88JEL8TL,17.0578858473,5759 522 63 4576
Fatima Merrill,(232) 989-5864,lorem.lorem@google.couk,"Apr 29, 2016",Peru,PQT67RFD3QW,-2.1731455075999997,
Mona Harper,1-598-624-2118,eget@protonmail.org,"Jun 30, 2015",Colombia,VLV58OKL4YJ,7.7613567764999996,
Victor Cochran,1-778-548-8473,per.inceptos@outlook.couk,"Mar 13, 2017",Indonesia,MPE62XKC1AL,8.433468252599999,
Graham Harrison,(862) 360-8748,at.egestas@protonmail.com,"Jul 23, 2021",Brazil,BRL56CSM2JX,10.957311473599999,
Sierra Hunt,(342) 791-8773,ornare.libero.at@protonmail.org,"Oct 25, 2020",Ireland,YHR31DWJ8MS,24.7015488894,647785 938275 3641
Georgia Fisher,(447) 616-4415,in.faucibus.orci@icloud.org,"Aug 12, 2017",New Zealand,KUC15NDX2RT,24.267893819,
Eliana Orr,1-385-843-8541,elit.pharetra@hotmail.net,"Jan 21, 2018",Chile,BNR81SDS8OI,8.715822557200001,3642 565296 32920
Neil Hodge,(394) 523-1632,enim.etiam@outlook.couk,"Aug 4, 2020",Austria,BPI12UTV3NY,0.6341527997999999,
Bevis Mayer,(658) 129-0828,cras.eu.tellus@protonmail.ca,"Mar 31, 2016",Ireland,OCY44JJS2EH,1.3512394394999998,2149 215865 24564
Keefe Bowen,1-389-161-1363,gravida@protonmail.edu,"Sep 12, 2014",China,JAD89ONW5PB,2.6442079611000002,2149 657532 47343
Michael Riley,(271) 757-8584,dictum@aol.couk,"Sep 14, 2014",Vietnam,UQL97OXV6GY,4.3408486514,
Mohammad Langley,1-283-285-2435,duis.elementum.dui@icloud.com,"Mar 23, 2021",Norway,EKE62DGQ4FO,-5.4638199595,
Aaron Fitzgerald,1-744-687-9128,elit.etiam@aol.com,"Jun 9, 2016",United Kingdom,OTB54KJU1KA,6.6163876979,601127 4336685647
Sawyer Rowland,1-582-508-1524,lacus.etiam.bibendum@aol.couk,"Jun 21, 2019",Vietnam,IDG91VDB8CV,39.079423553699996,
Wendy York,(513) 531-9535,neque.non.quam@google.org,"Nov 24, 2016",China,UQY74ADS9SR,6.133027069600001,569614 4344339168
Cullen Reid,(898) 787-4854,mauris.ipsum@icloud.couk,"Feb 2, 2021",Russian Federation,SHD07GKZ2AB,4.2493991631,
Riley Bridges,(858) 581-7131,ridiculus.mus@outlook.edu,"Dec 25, 2019",Nigeria,HBN46PYK7TG,23.8514529144,
Ryan Richardson,1-914-403-3649,suscipit.nonummy@icloud.ca,"Apr 8, 2021",Chile,NRB98XQY3SK,4.6851121193,
Meghan Wooten,1-162-661-5794,integer.sem@protonmail.org,"Nov 19, 2018",Indonesia,FCI23JHF2TQ,8.817542100299999,
Aristotle Blanchard,1-926-287-7613,lacinia@protonmail.org,"May 9, 2014",Austria,YWC16BYZ0XB,12.6900845673,630 44927 26285 846
Brandon Matthews,1-839-523-6750,sit@protonmail.edu,"Oct 15, 2020",Austria,SOM32DXE5BX,4.095552758999999,649543 9351524246
Larissa Lott,1-893-707-0984,eu.euismod.ac@aol.edu,"Mar 20, 2018",Nigeria,JGK68QFU4UY,6.375409938400001,2149 199967 63327
Gillian Potts,1-772-321-9083,nec.eleifend@yahoo.couk,"Dec 15, 2016",Poland,FVO17SHR2JW,8.367244985900001,
Heidi Holcomb,(577) 216-1133,urna.nec@hotmail.net,"Aug 4, 2015",New Zealand,PEG31POR7HK,-5.5616832795,
Galvin Green,(761) 295-3200,vulputate.mauris@protonmail.couk,"Dec 14, 2015",United States,ICR55BAB4WD,17.942789379100002,647 61375 73718 868
Uma Hooper,(924) 474-5613,tristique.senectus@outlook.edu,"Mar 8, 2015",Vietnam,IDT77UUX7LL,13.4719004104,2014 187633 82259
Alexandra Dudley,1-545-631-6477,et@outlook.com,"Oct 11, 2017",France,JJQ02VIL5OF,5.040863896399999,
Channing Steele,1-797-416-4398,egestas.urna@aol.edu,"May 20, 2016",Canada,MDC27OSU4UL,16.203456896600002,
Jack Paul,1-685-322-2350,ac@icloud.couk,"Jul 10, 2016",Russian Federation,WVI22UXR1ML,-0.9285968991,491738 7283723735
Lucas Melendez,1-258-224-8758,rutrum.magna@yahoo.net,"May 2, 2021",Spain,JWG07JKI1DO,5.9437297003,675974 321279 2665
Slade Hopper,(826) 378-2328,mollis.nec@outlook.edu,"May 2, 2019",South Korea,TSP73TRI7KW,6.258130293400001,2014 583953 75230
Cheryl Garcia,(363) 378-7626,quisque@google.com,"Mar 22, 2016",India,XTY13QZQ2WQ,12.6836891084,3692 635236 47677
Lillith Ingram,1-388-209-4349,nonummy.ipsum@aol.edu,"Feb 11, 2021",Mexico,UCF24VGV6FG,7.8872505537,5263 8489 1738 5522
Brenda Olson,1-412-636-7549,gravida.non.sollicitudin@hotmail.edu,"Sep 15, 2016",South Korea,CXI34VNB4LF,3.7972416349,3645 255637 68695
Kyle Payne,(427) 326-4983,nonummy@outlook.edu,"Aug 14, 2014",United States,UCS03KJA8KW,18.3381870215,2014 247146 46867
Naomi Simpson,1-561-510-2163,malesuada.malesuada@icloud.net,"Dec 12, 2017",Peru,OCD12UPE6HT,12.9812002334,402 67847 65575 393
Ciaran Myers,1-434-847-1730,ut.mi.duis@hotmail.edu,"Dec 4, 2015",Ireland,JBS91LVM2LR,2.2535965361000003,670639 97 5845 6475 379
Jade Weeks,1-954-665-6295,erat.nonummy.ultricies@google.ca,"Dec 10, 2018",Poland,BGX72DVB3IC,7.7987481986,6334 3538 3713 7660
Genevieve Shannon,1-322-652-3707,adipiscing.ligula@outlook.org,"Oct 26, 2015",Canada,UGO76OBN9HZ,13.5129442268,633 43238 42779 749
Cora Rios,1-695-461-2287,et.lacinia.vitae@icloud.couk,"May 30, 2020",Italy,LKC74FTF8SB,9.4023407291,
Whitney Herring,1-755-585-3362,cras.dictum.ultricies@google.edu,"May 14, 2021",France,FMJ87WSJ1EC,11.7776101058,453946 745862 2868
Wyoming Miles,1-883-841-5722,nulla.eu.neque@hotmail.couk,"Nov 5, 2019",Russian Federation,VIZ73MLC6EG,2.3584543715,417500 6482779770
Maris Cervantes,(538) 639-0435,ultrices.a.auctor@hotmail.org,"Dec 22, 2016",Australia,UXY79FAC6AD,24.764133363200003,493668 6482452716
Georgia Stanley,1-848-365-7187,malesuada.augue@yahoo.net,"Jun 30, 2020",France,JKX79VBD9WR,11.7642671898,402687 243448 3329
Hunter Mejia,1-863-312-8777,eleifend.nec.malesuada@google.org,"Jun 9, 2016",Canada,USP94KBG1YE,3.2044194192,3457 658562 33478
Ruth Donaldson,(649) 966-9675,sed@google.edu,"Nov 1, 2017",Mexico,MRG26TGD5JQ,9.2463107579,633487 52 5722 6638 337
Jacob Neal,1-316-396-8647,sit.amet@google.couk,"Aug 20, 2020",New Zealand,VOE50ELH5GC,-1.0720294636,564182 53 5786 8253 459
Inez Kent,(487) 431-8238,erat@outlook.org,"Jul 19, 2021",Italy,LHY72FMX6UV,9.2700655042,
Jemima Guy,(402) 845-0277,lobortis.quis@icloud.edu,"Jan 21, 2016",Indonesia,KLD23VBJ4PH,13.4917300132,3645 856219 37468
Angela Parsons,(551) 765-7316,vitae@icloud.com,"Jun 21, 2015",Canada,JWT76KCE7LR,9.8522749464,3622 742421 74866
Adria Burns,(675) 382-1652,viverra.maecenas@aol.org,"Nov 12, 2015",United States,URS90IDE6ET,10.7651986176,5412 5324 7338 4232
Rae Vinson,1-476-863-5347,sed@protonmail.edu,"Jan 5, 2021",India,HVK59OLN5DY,11.261918579000001,
Felix Kramer,(388) 985-5766,arcu.vestibulum@icloud.net,"Jun 26, 2015",Mexico,NDU27KVE3LD,18.469119258,648 41991 83322 887
Grady Tillman,1-863-837-3324,a@hotmail.org,"Jun 7, 2017",Pakistan,ONW84VMB8RX,11.906783841700001,493616 5345135628
Wang Parrish,1-363-456-7133,pellentesque.ultricies@aol.net,"Sep 1, 2016",Chile,JYW11NDC6RK,7.9806090745,677 13757 72687 888
Nero Bruce,1-882-134-2496,velit.justo@hotmail.net,"Dec 15, 2017",Indonesia,VTH45TFY0TV,8.1504693668,4844 2368 7448 5352
Leo Hogan,1-514-381-4585,erat.semper@yahoo.net,"Mar 12, 2021",Spain,QQF96WGW0OF,10.6610379488,5528 1379 8356 9867
Destiny Chen,(932) 211-6370,tellus@google.ca,"Oct 8, 2015",Costa Rica,YMH58YPU9ZY,8.335906039600001,5766 8348 3534 7648
Isaac Cervantes,1-475-638-8530,et.magnis@outlook.ca,"Sep 14, 2017",Colombia,GIM10JFE7BX,1.6080306309,534 66773 84426 761
Bell Leach,1-178-238-5838,aliquet.nec@google.com,"Mar 24, 2016",Pakistan,YHC68KSC8XJ,13.916378211400001,
Marah Mendez,(768) 467-1237,id.risus.quis@hotmail.couk,"Jun 4, 2020",India,ENB55UMZ8TT,36.7493485431,3003 723751 25369
Rana Bradley,(942) 765-0162,magna.malesuada@google.couk,"Aug 4, 2016",China,QVR60KNH8OR,7.208900353,402 61655 68435 870
Inez Weiss,1-923-482-5756,quis.arcu.vel@google.ca,"Jan 28, 2021",Poland,KNC56EAJ2IJ,13.3111711627,
Rachel Mckee,1-512-578-3396,mi.lorem@hotmail.couk,"Jul 24, 2018",Pakistan,TYR67QRK1ON,16.6604341476,648474 4328148265
Castor Young,1-688-696-8968,quis.diam@icloud.net,"Dec 15, 2021",Ireland,VSP99OLV5DV,7.081223887799999,
Dylan Garcia,1-278-717-5338,pellentesque.massa@outlook.edu,"Dec 1, 2015",Indonesia,SVE78PUB6PL,3.086467636,5641 8256 5992 1246
Vanna Dean,1-728-360-1163,dis@hotmail.org,"Apr 17, 2020",Austria,XOK41ABL2EI,7.646754723300001,
Linda Pollard,(133) 743-8774,nullam@outlook.edu,"Oct 25, 2020",Italy,RXY26WIM7VT,15.998529146600001,
Risa Prince,1-362-335-9478,vehicula@outlook.couk,"Jun 16, 2019",Austria,IPR82SZL9BM,1.2793470227,402637 4786474279
Teagan Boyd,1-416-913-6763,mollis.nec.cursus@hotmail.ca,"Mar 31, 2020",Turkey,DYO70SLB8LI,8.4965451159,3653 838336 82687
Hollee Byers,1-478-639-4379,orci.lobortis.augue@aol.com,"Jul 19, 2017",Indonesia,MXE06CXF6QZ,7.289043619400001,3029 285572 75682
Jamal Manning,1-562-210-5575,lacinia.vitae@yahoo.net,"Oct 20, 2016",New Zealand,VVM83KZS2AS,21.131677561900002,644341 6837521387
Anne Harmon,(868) 262-6768,fringilla.est@icloud.org,"Mar 11, 2021",France,ELL31QCG8DE,22.0484688199,3461 513814 87823
Tasha Figueroa,1-614-948-1815,phasellus.dolor@icloud.couk,"Oct 27, 2014",Poland,GUJ68YXJ2MH,11.852425433599999,3625 523884 18589
Gray Hess,1-286-750-7816,dictum.phasellus.in@icloud.couk,"Aug 22, 2015",Chile,KDK53SFP1HW,6.5449271934,670975 6662286484
Griffith Gonzalez,(576) 577-9316,duis.gravida.praesent@aol.net,"Oct 6, 2018",Spain,XFB94DRD2BD,6.2133769925,525 88123 83265 458
Wayne Berg,(194) 397-6366,suspendisse.commodo@aol.couk,"Oct 12, 2017",Turkey,SZD95RRQ3DK,11.5120748555,
Denton Warner,1-288-244-6788,quisque.nonummy@aol.net,"Oct 21, 2015",Poland,LGD21ZNJ3XW,26.109284138299998,4485 831 74 2443
Keith Pickett,(681) 770-3681,varius@icloud.com,"Jul 7, 2021",Mexico,BLV79MQY4WR,-8.4675528089,670965 45 6146 6438 716
Brenda Curtis,(493) 650-8861,pede.suspendisse.dui@hotmail.net,"Dec 1, 2021",India,IVE45JSG9FA,14.0042193754,492 92532 69154 533
Imelda Solomon,(462) 626-8458,tristique@icloud.edu,"Apr 23, 2021",Sweden,NTH40VLG4UE,25.0307357605,670 92126 31636 110
Reece Barrett,(475) 971-8465,risus.donec.egestas@icloud.ca,"Aug 27, 2017",France,QNU97KGC1ZB,15.1829354502,
Dacey Buck,1-668-341-1328,ante.iaculis@yahoo.com,"Apr 9, 2020",Chile,GTB25JIS5IY,5.4917433646000005,676 78736 15988 659
Graiden Battle,(824) 151-1401,at@hotmail.com,"Jul 5, 2019",Nigeria,ECE99VQC3UB,12.7485019332,4556 9865 1291 1627
Ignatius Becker,1-276-724-2303,erat.vivamus.nisi@protonmail.couk,"Mar 17, 2015",United States,IRJ63DVP5HU,27.576866367199997,
Patricia English,1-649-541-2744,sit.amet@icloud.edu,"Mar 19, 2018",New Zealand,KQX63WMR3FY,3.6042649698,
Sarah Barlow,1-714-582-3113,tempus.non@icloud.org,"Oct 22, 2020",Russian Federation,WFH59SNH2HL,18.1827750651,649757 2225241254
Tiger Clarke,1-453-783-7082,ipsum.porta.elit@protonmail.org,"Jun 20, 2017",Poland,QKB94HYI7ZO,1.2390562889,564182 5936868970
Nelle Solomon,1-729-305-6484,et.ultrices@google.edu,"Mar 15, 2017",Austria,PKG15LSR3UT,-5.0735838907,3004 545164 67486
Ruth Bennett,1-647-747-7906,tellus.imperdiet.non@hotmail.org,"Sep 3, 2015",China,EVV15IYS1MW,4.242538778,
Jordan Carpenter,(423) 213-2125,suspendisse.non.leo@aol.edu,"Nov 1, 2020",Pakistan,SLX67MGT7RV,0.2910625325,633419 251325 4948
Chase Hoffman,(166) 981-7765,nec.metus@aol.ca,"Jul 8, 2018",Poland,ODK58IWF1ZJ,0.6482866964,3041 865353 43829
Abra Hanson,(722) 972-9878,id.ante.nunc@aol.com,"Sep 15, 2014",Sweden,QNN55UEC0BF,13.3142512553,649833 536325 2676
Sebastian Houston,1-985-404-7236,cras.dolor.dolor@outlook.ca,"Dec 8, 2014",Norway,DMG27ERQ3RY,16.0517020289,
Keane Shaw,(813) 971-1705,ipsum.suspendisse.non@aol.org,"Dec 24, 2021",New Zealand,ZRM83GUL8LJ,9.088382283200001,
Lev Weeks,(645) 221-1579,ligula.consectetuer@outlook.net,"Nov 7, 2016",Germany,ZTU71TIW5UJ,10.5514287948,491765 8981282251
Justin Witt,1-232-114-6893,lorem.ipsum@google.edu,"Jun 19, 2020",Colombia,FIC48QUK3MQ,16.548059341800002,402 67573 87338 226
Whilemina Conrad,1-457-819-5218,dictum.cursus.nunc@google.net,"Apr 4, 2017",Sweden,VDE06BDT5YC,10.855869470899998,490597 8764753730
Yen Knapp,(834) 327-3613,feugiat@yahoo.org,"Jul 12, 2016",Spain,LFH61SSE9AK,4.9399770291000005,
Melodie Coffey,1-585-318-4078,ultrices@aol.couk,"Jan 27, 2019",Russian Federation,GCN88GHE1IB,20.073758054200002,548 43222 73776 768
Nola Mejia,(619) 717-1232,lectus.cum@icloud.couk,"Oct 2, 2017",Pakistan,MCD45RDW1UK,9.6552950934,3437 966412 55841
Yvette Calderon,(921) 906-8769,arcu.vestibulum@protonmail.couk,"May 29, 2015",Sweden,JWL57IDJ5PD,1.618670628,
Selma Duffy,(363) 133-1855,sodales.at.velit@google.edu,"Feb 25, 2021",Sweden,EAO48RYE4TG,20.332485776600002,491768 4584529229
Clarke Weaver,(654) 718-6536,eu@aol.couk,"Nov 2, 2018",Norway,DVB42AAW2DN,16.8601075467,
Melinda Love,(465) 332-0912,tempor@outlook.com,"Sep 30, 2019",Peru,DNI49KMI5ZG,9.4678682494,6767 2416 4874 6975
Aquila Knowles,(255) 211-5450,ante.lectus.convallis@protonmail.com,"Feb 12, 2019",Italy,FBQ20MZY3FP,1.2727428333,677146 78 7287 9628 372
Seth Irwin,1-832-930-3507,quis.turpis@hotmail.couk,"Oct 7, 2018",Spain,MIE57UCQ5BC,12.7743448468,5038 894282 5836
Hilary Lindsey,(431) 322-4205,penatibus@aol.ca,"Jun 15, 2015",China,ILT42OUT4PW,3.7257931657,
Jane Robbins,(546) 612-4551,luctus.et@aol.org,"Sep 9, 2014",New Zealand,NTK23CTY5BM,36.1708382044,
Ainsley Chavez,1-810-311-1882,justo.nec@google.edu,"Oct 25, 2021",United Kingdom,COR84JXQ6KW,-1.2281819462,4532 7956 3562 1719
Shea Velez,1-844-972-6587,leo.in@protonmail.com,"Dec 13, 2018",Italy,OMQ11QUS3VO,11.988935808699999,
Emerson Perry,(458) 589-6237,sodales.mauris@outlook.ca,"Dec 7, 2017",Canada,XBD21TZF7NT,2.1258275233,
Tarik Ross,(815) 414-7871,mi.aliquam.gravida@outlook.ca,"Oct 2, 2017",France,YYJ68UUW1OO,1.9362529656,
Quyn Boyer,(526) 641-3371,lorem@icloud.com,"Mar 20, 2020",Netherlands,NIV87ZXE1TF,19.0728176007,402 40071 14814 574
Chancellor Rodgers,(744) 611-2680,dapibus.ligula@icloud.couk,"Aug 6, 2021",Norway,PDV64WJM3FF,-4.0667073238,4913 4924 4754 2221
Kirk Ruiz,1-417-817-0192,torquent.per@hotmail.edu,"Feb 20, 2021",Nigeria,MBU62DDZ8WT,4.1772051026,4556 789 56 5737
Harrison Duncan,1-617-823-4837,elit.aliquam.auctor@hotmail.net,"May 9, 2020",Costa Rica,CAD20MZW3LY,15.448785407599999,564182 337417 3474
Kibo Blair,1-553-523-1439,dolor@protonmail.edu,"Jun 15, 2021",Russian Federation,HDK61FRI7QW,10.8233909674,491 75586 63578 663
Erasmus Williams,1-540-373-5741,urna.justo@hotmail.couk,"Jul 30, 2020",Ireland,CJJ87GEU1GE,10.895476656300001,453256 977394 3551
Samuel Guthrie,(938) 728-9958,malesuada.fringilla@protonmail.org,"Sep 19, 2015",Belgium,CTY96KNB9OI,15.69188659,
Alan Potts,(748) 422-7963,convallis.in@icloud.net,"Feb 22, 2017",Belgium,QJR82DIJ6GS,18.2823535277,
Griffith Hale,1-881-875-7188,lacinia.vitae.sodales@outlook.com,"Mar 28, 2018",Ireland,HHR04OQD5YK,10.4808431928,492 92248 55757 989
Stacey Bird,(459) 316-1194,massa.mauris.vestibulum@outlook.net,"Feb 18, 2014",Indonesia,WSE71WBV9LV,12.356434999500001,
Rogan Gallagher,(284) 508-4661,semper.erat.in@aol.couk,"Aug 4, 2016",Spain,ICH28FBR4KL,14.917514116400001,6767 6567 6645 2637
Madeline Grant,1-654-955-4813,praesent.eu.nulla@aol.couk,"Jan 19, 2020",Nigeria,JXV38WVO1JI,-3.3994899981,4936 9528 8441 5846
Laith Avery,1-354-727-2170,lacinia.orci.consectetuer@protonmail.couk,"Jan 14, 2022",South Korea,VOV23NSD3GB,-15.9181542269,6334 8434 5675 8622
Lev Dennis,(858) 319-1536,euismod.in.dolor@protonmail.couk,"Aug 7, 2015",China,RUA86TVC8JW,5.8095367574,492926 826345 5637
Hector Randolph,1-715-763-5811,semper.dui@yahoo.com,"Nov 3, 2021",South Korea,INR84FCC4GA,16.353144763,6706 8684 2425 2382
James Ingram,1-806-512-8302,at.velit@aol.net,"Jul 5, 2021",United States,LXE27MGV5IX,2.0240336149,533 42828 84862 286
Destiny Newman,1-235-145-5485,ac@outlook.com,"Nov 10, 2020",India,YZZ05PDX7DR,8.346739493400001,645481 737734 7651
Illana Velazquez,(438) 478-8193,luctus.ut@hotmail.ca,"Jul 24, 2016",Italy,JPO86PIF4MN,17.5664362138,3734 695722 43383
Buckminster Browning,1-443-367-8546,ullamcorper.eu.euismod@protonmail.net,"Jun 6, 2019",Brazil,IJS43NPK5BR,12.384465218199999,
Dieter Erickson,1-142-442-1712,magna.a@aol.ca,"Apr 15, 2019",Peru,HHQ46STD2IP,17.6228337623,
Quyn Rutledge,1-516-154-6566,pharetra@aol.org,"Jan 25, 2021",New Zealand,MJJ19RMW3NN,12.2145130337,
Steven George,(528) 394-7273,ac.mattis@outlook.com,"Jun 22, 2014",Netherlands,RNS15AYN7WL,18.6250018929,
Pamela Watkins,(886) 541-2378,risus@icloud.net,"May 23, 2018",Norway,TKS75PWJ1BF,12.389763784200001,3043 328479 96355
Abraham Petty,1-415-390-1064,et.nunc@aol.ca,"Aug 21, 2021",United Kingdom,QOE05KUY3QP,9.989784010700001,453268 678812 3555
Amber Russell,1-466-521-8017,orci@hotmail.ca,"Mar 17, 2014",Italy,OPG65MLA9HW,10.3811481224,675943 2198456186
Lester Bullock,(874) 517-0014,eget.ipsum@hotmail.net,"Aug 6, 2017",Spain,HTH64DBK4SD,5.858839186,4024 0071 3746 2575
Trevor Baird,1-245-647-6983,lorem@protonmail.org,"Jul 26, 2017",Vietnam,DGO24JCM5FX,-3.2685938302999995,2149 427546 49421
Iola Tyler,(451) 773-4278,eget.odio@google.ca,"Nov 27, 2021",Belgium,QUR45INU7LQ,0.29306358050000003,
Laith Goff,1-955-622-1091,feugiat.placerat@protonmail.net,"Apr 30, 2014",Spain,OHO46NIE4QL,6.521172759,3047 278631 34833
Joy Combs,(586) 284-2987,semper.pretium@icloud.net,"Apr 8, 2020",Netherlands,ZYK97TJR4WR,13.7295547876,
Ivor Newman,1-477-762-8987,orci.sem@protonmail.couk,"Mar 29, 2015",Australia,QMX26ZUB1JO,22.365511771599998,3757 323222 51545
Harding Hyde,(921) 327-7125,eu.neque.pellentesque@protonmail.com,"Nov 11, 2020",Canada,EYS40WWY7OK,15.0428815656,4532 876 46 5529
Kevyn Hendrix,(977) 321-6403,non.enim@protonmail.edu,"Nov 1, 2017",Spain,KTP76XFG9VJ,10.0331390768,
Derek Kidd,1-882-351-3486,porta.elit.a@outlook.org,"Nov 24, 2018",Australia,DOP11MLF6GV,3.4862181533,
Selma Miranda,1-627-524-4316,ipsum@outlook.com,"Jul 24, 2021",Colombia,KWA17XXM0UF,4.4775465385,3007 814427 92482
Yvonne Lynch,(922) 511-0871,sem@icloud.org,"Sep 16, 2015",India,NLN70ZMD7GR,14.217112243699999,633 43391 34563 963
Hop Golden,1-357-264-8687,ipsum.dolor@yahoo.net,"Apr 6, 2015",United Kingdom,VJI61OPV1FS,6.7337961634,402400 713463 9837
Erich Hill,1-639-259-1214,at.iaculis@outlook.couk,"Nov 28, 2016",India,NKW45OLI3KZ,6.7104963366999995,3473 223894 65272
Shelly Bender,1-387-874-2721,enim@protonmail.couk,"Apr 1, 2015",Sweden,RYH21WJI2OO,10.1802749768,
Dawn Dotson,1-774-285-5410,sodales.mauris@yahoo.couk,"Jun 29, 2020",Turkey,ZEQ81PBL3DM,14.842223558399999,578558 883459 5741
Noelani Payne,(953) 921-6796,ac.mattis@icloud.net,"Sep 14, 2020",Norway,BFX98XJP6JS,27.6569156211,491755 3215421736
Peter Strickland,(820) 424-7778,pretium.neque.morbi@yahoo.ca,"May 3, 2017",Peru,ZQC55XRN1BT,3.5058816974,3056 272414 24279
Tobias Mccoy,(586) 310-8456,congue@icloud.edu,"Jan 11, 2016",Vietnam,YNU98IQL4EF,4.657411928999999,645833 2587624713
Xavier Avery,(260) 477-9231,nunc.ullamcorper@aol.edu,"Jan 22, 2017",Indonesia,KHY23HFL8GU,23.3342743303,676732 468664 7188
Brynne Robertson,(489) 217-4133,sit@protonmail.couk,"Jul 14, 2016",United States,DTL11TZU5KI,11.1353144278,492928 761558 7517
Sage Mckinney,(412) 352-6776,tincidunt@outlook.com,"Feb 27, 2017",Vietnam,ZJM65DNB7NB,19.792690881800002,
Nelle Chase,(948) 253-7436,dolor.tempus@google.ca,"Oct 15, 2017",Brazil,OHL25KJP5VJ,-6.2400134397,3023 277385 73950
Josephine Burns,1-876-334-5136,ornare.elit@protonmail.couk,"Jan 28, 2015",Belgium,PDW52VTU8QD,1.2227890070999998,
Aristotle Patton,(857) 221-1174,porttitor.interdum.sed@google.net,"Jun 24, 2018",Nigeria,BEO60MEV2QB,6.9045283004,
Kane Kirkland,(732) 280-1961,ipsum.cursus.vestibulum@icloud.ca,"Mar 18, 2020",Netherlands,DCF15PXY6SM,9.72659627,4844 6438 7472 6810
Blake Nash,1-861-838-5878,ornare@hotmail.ca,"Jun 3, 2017",Ireland,LMV59CWO4LG,6.719267724600001,
Maggie Christian,1-419-774-4844,non@hotmail.ca,"Jul 18, 2019",China,FTM29UKM6UD,7.8792850857,630451 8781284637
Arsenio Dorsey,1-124-771-5991,nonummy.ac.feugiat@icloud.net,"Jan 27, 2015",Sweden,JGJ55HLY5KV,2.2902341946,490 56743 72362 853
Shana Gardner,(315) 185-5480,ut.dolor@hotmail.org,"Sep 9, 2018",France,PTU57TKW2DN,10.7420628563,677194 165895 3395
Burton Nunez,(372) 138-3132,dolor@outlook.couk,"Jul 17, 2016",United States,FRU42LWC3QC,0.5930075369,633110 11 4932 6795 335
Jocelyn Burks,(665) 470-3378,phasellus.vitae.mauris@icloud.com,"Jul 7, 2019",Costa Rica,WOH47NHF6WT,17.6505279758,676753 86 2686 8939 791
Abraham Merritt,1-665-505-1136,dignissim.magna@google.ca,"Feb 14, 2015",Peru,JTM25OPG6ER,21.1607876858,
Marah Odom,1-445-628-3323,vel.venenatis@yahoo.net,"Mar 23, 2017",France,ZWP71NJW7NY,17.173137493,
Uma Lloyd,(238) 246-1718,eros.nec@google.edu,"Feb 8, 2020",Mexico,UUP68DYB4TH,6.974835821,633110 1876783586
Jack Hart,(382) 936-6259,volutpat.nulla@yahoo.ca,"Sep 15, 2016",New Zealand,LPO36ABS6YM,4.4276394863,
Dante Spencer,1-204-310-8647,lacus.pede@outlook.net,"Feb 8, 2020",Indonesia,KWC73NJO1AB,7.9298329092,601179 4774812668
Rana Mccullough,(417) 534-2973,cursus@hotmail.com,"Aug 6, 2014",Russian Federation,HFX88LZM7YU,12.916467813699999,490516 92 6137 7362 251
Lenore Weber,1-772-631-3822,aenean@google.ca,"Oct 9, 2014",Netherlands,QRJ12PWD1AH,-2.3738288813999997,527342 3577224441
Brody Blackburn,1-206-788-1362,cursus.luctus.ipsum@icloud.ca,"Mar 28, 2019",Peru,WTB24CRU0GS,26.5923826444,
Maisie Booker,(283) 985-9532,id.ante.dictum@yahoo.org,"Oct 30, 2021",China,RQO49KLT7JK,9.164797607999999,589377 45 2267 7742 822
Lewis Taylor,(368) 455-8369,lacus.etiam@yahoo.ca,"Aug 9, 2019",Brazil,IBO97BRF7QC,-3.5715882787999997,648567 6777762247
Mufutau Owen,(255) 543-9611,dapibus.gravida@yahoo.ca,"Mar 11, 2021",Italy,DQI51UCF0CJ,24.0897672978,5132 6488 3333 4763
Sasha Kramer,(543) 745-9765,maecenas.mi@outlook.edu,"Oct 13, 2015",New Zealand,GEH70KNH2ID,-0.0744883738,564 18242 25335 239
Price Huffman,(727) 459-9866,senectus.et@outlook.net,"Apr 15, 2020",China,QVO57RJT1OU,25.627460808899997,676732 315732 4277
Celeste Hess,(249) 434-9333,quam@outlook.edu,"May 28, 2017",Vietnam,TRR27POX6CM,-8.2756059777,
Kessie Valentine,1-662-463-7877,ultricies.adipiscing@outlook.edu,"Mar 20, 2015",Netherlands,MHZ31JTH4EF,1.0917412214,4556 4357 6286 7444
Lani Wheeler,1-517-743-7883,ut.molestie@outlook.edu,"Jan 7, 2022",Belgium,PZB71BTW6VI,6.221907295599999,
Hillary Levine,(391) 785-2150,montes@icloud.edu,"Mar 29, 2019",Poland,BVH42FED8YY,7.3759921805,5038 688326 44998
Hedley Stewart,1-887-659-2745,orci.ut@google.edu,"Oct 25, 2020",Nigeria,UVG29QDD7ER,-5.434523897999999,
Janna Simon,1-136-336-2508,mattis@aol.org,"Nov 27, 2016",Turkey,FCJ85YGE6ID,3.2779190797,531 74663 86488 820
Dennis Curtis,1-614-336-3880,aliquam.eros@aol.edu,"Jul 14, 2016",Mexico,CVZ57ZHK3VN,8.2118741545,471633 444524 7776
Kristen Carr,1-626-391-5145,tempor.est@outlook.couk,"Dec 23, 2018",Indonesia,YXT98FBS2IT,1.6454995995,417500 2323639562
Aurora Macdonald,1-526-464-3420,neque.in@aol.org,"Dec 16, 2016",Russian Federation,IWD54CON5HR,17.9954438682,
Alyssa Newton,1-145-982-2557,mauris.blandit@hotmail.org,"Jan 4, 2019",Russian Federation,LFF82NSO3JH,18.8378886427,490314 456662 4569
Lawrence Sparks,1-940-572-2685,nulla@icloud.edu,"Oct 8, 2014",Australia,KXG24XXW5DX,0.42432398810000005,2014 822868 57551
Karleigh Shepherd,(920) 752-2322,tincidunt@hotmail.edu,"Dec 29, 2014",United Kingdom,KUX95HEC0HI,20.4447458842,
Francis Weber,(665) 424-5193,maecenas@aol.couk,"Apr 25, 2019",Brazil,STB57EJK3NZ,10.1145687133,
Pamela Ortiz,(287) 502-8542,dolor.tempus@google.com,"Aug 10, 2019",Ireland,KVO35SQI1MD,3.3174021003,6011 5723 3236 6769
Kay Finley,(132) 578-1845,nec.euismod@outlook.couk,"Mar 10, 2020",China,MHJ42AVM0VP,18.364776063599997,3696 721922 17382
Francesca Ortiz,1-291-330-5103,venenatis.vel@yahoo.com,"Sep 29, 2014",Austria,FEX52FGI7GQ,17.5925557303,
Ifeoma Valentine,1-469-476-3111,mauris.erat@aol.net,"Jun 16, 2021",New Zealand,YIY08KDF2HN,4.2367755373,
Kiona Carey,1-457-781-7571,malesuada@google.couk,"Mar 30, 2018",Mexico,GKQ44FOK8TH,26.3119461318,
Hoyt Lowery,1-987-373-7871,duis.elementum.dui@google.net,"Oct 27, 2014",France,CCF16WNY4XQ,9.5118200005,633317 17 2936 7487 156
